{"cameraMode":{"drawMode":1,"name":"Wireframe","section":"Shading Mode"},"sceneLighting":false,"audioPlay":false,"sceneViewState":{"m_AlwaysRefresh":false,"showFog":true,"showSkybox":false,"showFlares":true,"showImageEffects":true,"showParticleSystems":true,"showVisualEffectGraphs":true,"m_FxEnabled":true},"in2DMode":false,"pivot":{"x":1.0003999471664429,"y":1.1353000402450562,"z":2.819000005722046},"rotation":{"x":-0.011523480527102948,"y":0.988686203956604,"z":-0.10419163852930069,"w":-0.10897260904312134},"size":0.025980805978178979,"orthographic":false}