{"cameraMode":{"drawMode":0,"name":"Shaded","section":"Shading Mode"},"sceneLighting":false,"audioPlay":false,"sceneViewState":{"m_AlwaysRefresh":false,"showFog":true,"showSkybox":false,"showFlares":true,"showImageEffects":true,"showParticleSystems":true,"showVisualEffectGraphs":true,"m_FxEnabled":true},"in2DMode":false,"pivot":{"x":0.12713488936424256,"y":0.523930013179779,"z":0.07287304103374481},"rotation":{"x":-0.3853674530982971,"y":0.20575246214866639,"z":-0.08856238424777985,"w":-0.8952056765556336},"size":0.05992373824119568,"orthographic":false}